link,categoria
http://www.ouvidoria.curitiba.pr.leg.br/ouvidoria/20151124134954 , coleta de entulho
http://www.ouvidoria.curitiba.pr.leg.br/ouvidoria/20151124135020 , coleta de entulho
http://www.ouvidoria.curitiba.pr.leg.br/ouvidoria/20151130161737 , coleta de entulho
http://www.ouvidoria.curitiba.pr.leg.br/ouvidoria/20151204094059 , coleta de entulho
http://www.ouvidoria.curitiba.pr.leg.br/ouvidoria/20160205005506 , coleta de entulho
http://www.ouvidoria.curitiba.pr.leg.br/ouvidoria/20160205005529 , coleta de entulho
http://www.ouvidoria.curitiba.pr.leg.br/ouvidoria/20160216095339 , coleta de entulho
http://www.ouvidoria.curitiba.pr.leg.br/ouvidoria/20160424151415 , coleta de entulho
http://www.ouvidoria.curitiba.pr.leg.br/ouvidoria/20160424151459 , coleta de entulho
http://www.ouvidoria.curitiba.pr.leg.br/ouvidoria/20160609134808 , coleta de entulho
http://www.ouvidoria.curitiba.pr.leg.br/ouvidoria/20160704144441 , coleta de entulho
http://www.ouvidoria.curitiba.pr.leg.br/ouvidoria/20160809130532 , coleta de entulho
http://www.ouvidoria.curitiba.pr.leg.br/ouvidoria/20160823185900 , coleta de entulho
http://www.ouvidoria.curitiba.pr.leg.br/ouvidoria/20160830105213 , coleta de entulho
http://www.ouvidoria.curitiba.pr.leg.br/ouvidoria/20160912110127 , coleta de entulho
http://www.ouvidoria.curitiba.pr.leg.br/ouvidoria/20161024163848 , coleta de entulho
http://www.ouvidoria.curitiba.pr.leg.br/ouvidoria/20151123101102 , coleta de lixo vegetal
http://www.ouvidoria.curitiba.pr.leg.br/ouvidoria/20160202135507 , coleta de lixo vegetal
http://www.ouvidoria.curitiba.pr.leg.br/ouvidoria/20160218092533 , coleta de lixo vegetal
http://www.ouvidoria.curitiba.pr.leg.br/ouvidoria/20160302105640 , coleta de lixo vegetal
http://www.ouvidoria.curitiba.pr.leg.br/ouvidoria/20160303101738 , coleta de lixo vegetal
http://www.ouvidoria.curitiba.pr.leg.br/ouvidoria/20160321102347 , coleta de lixo vegetal
http://www.ouvidoria.curitiba.pr.leg.br/ouvidoria/20160330122314 , coleta de lixo vegetal
http://www.ouvidoria.curitiba.pr.leg.br/ouvidoria/20160404103032 , coleta de lixo vegetal
http://www.ouvidoria.curitiba.pr.leg.br/ouvidoria/20160711093415 , coleta de lixo vegetal
http://www.ouvidoria.curitiba.pr.leg.br/ouvidoria/20160815155255 , coleta de lixo vegetal
http://www.ouvidoria.curitiba.pr.leg.br/ouvidoria/20160822164508 , coleta de lixo vegetal
http://www.ouvidoria.curitiba.pr.leg.br/ouvidoria/20160901154726 , coleta de lixo vegetal
http://www.ouvidoria.curitiba.pr.leg.br/ouvidoria/20160913145053 , coleta de lixo vegetal
http://www.ouvidoria.curitiba.pr.leg.br/ouvidoria/20160913145417 , coleta de lixo vegetal
http://www.ouvidoria.curitiba.pr.leg.br/ouvidoria/20160919163452 , coleta de lixo vegetal
http://www.ouvidoria.curitiba.pr.leg.br/ouvidoria/20160926160825 , coleta de lixo vegetal
http://www.ouvidoria.curitiba.pr.leg.br/ouvidoria/20161013163701 , coleta de lixo vegetal
http://www.ouvidoria.curitiba.pr.leg.br/ouvidoria/20161019151027 , coleta de lixo vegetal
http://www.ouvidoria.curitiba.pr.leg.br/ouvidoria/20161019151446 , coleta de lixo vegetal
http://www.ouvidoria.curitiba.pr.leg.br/ouvidoria/20150910230909 , falta de atendimento
http://www.ouvidoria.curitiba.pr.leg.br/ouvidoria/20151008124113 , falta de atendimento
http://www.ouvidoria.curitiba.pr.leg.br/ouvidoria/20151008222033 , falta de atendimento
http://www.ouvidoria.curitiba.pr.leg.br/ouvidoria/20151015160316 , falta de atendimento
http://www.ouvidoria.curitiba.pr.leg.br/ouvidoria/20151018205700 , falta de atendimento
http://www.ouvidoria.curitiba.pr.leg.br/ouvidoria/20151019211937 , falta de atendimento
http://www.ouvidoria.curitiba.pr.leg.br/ouvidoria/20151021154531 , falta de atendimento
http://www.ouvidoria.curitiba.pr.leg.br/ouvidoria/20151029150013 , falta de atendimento
http://www.ouvidoria.curitiba.pr.leg.br/ouvidoria/20151103194600 , falta de atendimento
http://www.ouvidoria.curitiba.pr.leg.br/ouvidoria/20151104124341 , falta de atendimento
http://www.ouvidoria.curitiba.pr.leg.br/ouvidoria/20151110101401 , falta de atendimento
http://www.ouvidoria.curitiba.pr.leg.br/ouvidoria/20151123095850 , falta de atendimento
http://www.ouvidoria.curitiba.pr.leg.br/ouvidoria/20151127200134 , falta de atendimento
http://www.ouvidoria.curitiba.pr.leg.br/ouvidoria/20151207154635 , falta de atendimento
http://www.ouvidoria.curitiba.pr.leg.br/ouvidoria/20160106110248 , falta de atendimento
http://www.ouvidoria.curitiba.pr.leg.br/ouvidoria/20160216094853 , falta de atendimento
http://www.ouvidoria.curitiba.pr.leg.br/ouvidoria/20160222092428 , falta de atendimento
http://www.ouvidoria.curitiba.pr.leg.br/ouvidoria/20160225100403 , falta de atendimento
http://www.ouvidoria.curitiba.pr.leg.br/ouvidoria/20160227154842 , falta de atendimento
http://www.ouvidoria.curitiba.pr.leg.br/ouvidoria/20160229135242 , falta de atendimento
http://www.ouvidoria.curitiba.pr.leg.br/ouvidoria/20160303112138 , falta de atendimento
http://www.ouvidoria.curitiba.pr.leg.br/ouvidoria/20160316072605 , falta de atendimento
http://www.ouvidoria.curitiba.pr.leg.br/ouvidoria/20160420131235 , falta de atendimento
http://www.ouvidoria.curitiba.pr.leg.br/ouvidoria/20160420131304 , falta de atendimento
http://www.ouvidoria.curitiba.pr.leg.br/ouvidoria/20160420132430 , falta de atendimento
http://www.ouvidoria.curitiba.pr.leg.br/ouvidoria/20160517183616 , falta de atendimento
http://www.ouvidoria.curitiba.pr.leg.br/ouvidoria/20160530171635 , falta de atendimento
http://www.ouvidoria.curitiba.pr.leg.br/ouvidoria/20160613181030 , falta de atendimento
http://www.ouvidoria.curitiba.pr.leg.br/ouvidoria/20160614134241 , falta de atendimento
http://www.ouvidoria.curitiba.pr.leg.br/ouvidoria/20160615141926 , falta de atendimento
http://www.ouvidoria.curitiba.pr.leg.br/ouvidoria/20160706120430 , falta de atendimento
http://www.ouvidoria.curitiba.pr.leg.br/ouvidoria/20160712072927 , falta de atendimento
http://www.ouvidoria.curitiba.pr.leg.br/ouvidoria/20160716153109 , falta de atendimento
http://www.ouvidoria.curitiba.pr.leg.br/ouvidoria/20160726163316 , falta de atendimento
http://www.ouvidoria.curitiba.pr.leg.br/ouvidoria/20160728174455 , falta de atendimento
http://www.ouvidoria.curitiba.pr.leg.br/ouvidoria/20160801081235 , falta de atendimento
http://www.ouvidoria.curitiba.pr.leg.br/ouvidoria/20160813160529 , falta de atendimento
http://www.ouvidoria.curitiba.pr.leg.br/ouvidoria/20160816082557 , falta de atendimento
http://www.ouvidoria.curitiba.pr.leg.br/ouvidoria/20160816174424 , falta de atendimento
http://www.ouvidoria.curitiba.pr.leg.br/ouvidoria/20160823230149 , falta de atendimento
http://www.ouvidoria.curitiba.pr.leg.br/ouvidoria/20160825142546 , falta de atendimento
http://www.ouvidoria.curitiba.pr.leg.br/ouvidoria/20160901163011 , falta de atendimento
http://www.ouvidoria.curitiba.pr.leg.br/ouvidoria/20160916145752 , falta de atendimento
http://www.ouvidoria.curitiba.pr.leg.br/ouvidoria/20160926174658 , falta de atendimento
http://www.ouvidoria.curitiba.pr.leg.br/ouvidoria/20160929125613 , falta de atendimento
http://www.ouvidoria.curitiba.pr.leg.br/ouvidoria/20160930092514 , falta de atendimento
http://www.ouvidoria.curitiba.pr.leg.br/ouvidoria/20160930092734 , falta de atendimento
http://www.ouvidoria.curitiba.pr.leg.br/ouvidoria/20160930092816 , falta de atendimento
http://www.ouvidoria.curitiba.pr.leg.br/ouvidoria/20161003093811 , falta de atendimento
http://www.ouvidoria.curitiba.pr.leg.br/ouvidoria/20161004112222 , falta de atendimento
http://www.ouvidoria.curitiba.pr.leg.br/ouvidoria/20161004221004 , falta de atendimento
http://www.ouvidoria.curitiba.pr.leg.br/ouvidoria/20161005094932 , falta de atendimento
http://www.ouvidoria.curitiba.pr.leg.br/ouvidoria/20161005094934 , falta de atendimento
http://www.ouvidoria.curitiba.pr.leg.br/ouvidoria/20161006114911 , falta de atendimento
http://www.ouvidoria.curitiba.pr.leg.br/ouvidoria/20161007094040 , falta de atendimento
http://www.ouvidoria.curitiba.pr.leg.br/ouvidoria/20161010155505 , falta de atendimento
http://www.ouvidoria.curitiba.pr.leg.br/ouvidoria/20161024160023 , falta de atendimento
http://www.ouvidoria.curitiba.pr.leg.br/ouvidoria/20150914104434 , fiscalização de comércio
http://www.ouvidoria.curitiba.pr.leg.br/ouvidoria/20151103101851 , fiscalização de comércio
http://www.ouvidoria.curitiba.pr.leg.br/ouvidoria/20151207114159 , fiscalização de comércio
http://www.ouvidoria.curitiba.pr.leg.br/ouvidoria/20160315223302 , fiscalização de comércio
http://www.ouvidoria.curitiba.pr.leg.br/ouvidoria/20160829214951 , fiscalização de comércio
http://www.ouvidoria.curitiba.pr.leg.br/ouvidoria/20160829215030 , fiscalização de comércio
http://www.ouvidoria.curitiba.pr.leg.br/ouvidoria/20150928134723 , fiscalização de obras
http://www.ouvidoria.curitiba.pr.leg.br/ouvidoria/20151015105828 , fiscalização de obras
http://www.ouvidoria.curitiba.pr.leg.br/ouvidoria/20160205171101 , fiscalização de obras
http://www.ouvidoria.curitiba.pr.leg.br/ouvidoria/20160205172013 , fiscalização de obras
http://www.ouvidoria.curitiba.pr.leg.br/ouvidoria/20160220234638 , fiscalização de obras
http://www.ouvidoria.curitiba.pr.leg.br/ouvidoria/20160302114002 , fiscalização de obras
http://www.ouvidoria.curitiba.pr.leg.br/ouvidoria/20160316072437 , fiscalização de obras
http://www.ouvidoria.curitiba.pr.leg.br/ouvidoria/20160719152018 , fiscalização de obras
http://www.ouvidoria.curitiba.pr.leg.br/ouvidoria/20161018161408 , fiscalização de saneamento
http://www.ouvidoria.curitiba.pr.leg.br/ouvidoria/20150915083455 , fiscalização de trânsito
http://www.ouvidoria.curitiba.pr.leg.br/ouvidoria/20150922162031 , fiscalização de trânsito
http://www.ouvidoria.curitiba.pr.leg.br/ouvidoria/20151001102151 , fiscalização de trânsito
http://www.ouvidoria.curitiba.pr.leg.br/ouvidoria/20151008172836 , fiscalização de trânsito
http://www.ouvidoria.curitiba.pr.leg.br/ouvidoria/20151016085938 , fiscalização de trânsito
http://www.ouvidoria.curitiba.pr.leg.br/ouvidoria/20151022110218 , fiscalização de trânsito
http://www.ouvidoria.curitiba.pr.leg.br/ouvidoria/20151029163306 , fiscalização de trânsito
http://www.ouvidoria.curitiba.pr.leg.br/ouvidoria/20151029163925 , fiscalização de trânsito
http://www.ouvidoria.curitiba.pr.leg.br/ouvidoria/20151105143857 , fiscalização de trânsito
http://www.ouvidoria.curitiba.pr.leg.br/ouvidoria/20151109125120 , fiscalização de trânsito
http://www.ouvidoria.curitiba.pr.leg.br/ouvidoria/20151110083713 , fiscalização de trânsito
http://www.ouvidoria.curitiba.pr.leg.br/ouvidoria/20151123095040 , fiscalização de trânsito
http://www.ouvidoria.curitiba.pr.leg.br/ouvidoria/20151123100831 , fiscalização de trânsito
http://www.ouvidoria.curitiba.pr.leg.br/ouvidoria/20151123105219 , fiscalização de trânsito
http://www.ouvidoria.curitiba.pr.leg.br/ouvidoria/20151130095513 , fiscalização de trânsito
http://www.ouvidoria.curitiba.pr.leg.br/ouvidoria/20151130161248 , fiscalização de trânsito
http://www.ouvidoria.curitiba.pr.leg.br/ouvidoria/20151201150330 , fiscalização de trânsito
http://www.ouvidoria.curitiba.pr.leg.br/ouvidoria/20160222184158 , fiscalização de trânsito
http://www.ouvidoria.curitiba.pr.leg.br/ouvidoria/20160225100816 , fiscalização de trânsito
http://www.ouvidoria.curitiba.pr.leg.br/ouvidoria/20160302163124 , fiscalização de trânsito
http://www.ouvidoria.curitiba.pr.leg.br/ouvidoria/20160309130643 , fiscalização de trânsito
http://www.ouvidoria.curitiba.pr.leg.br/ouvidoria/20160315183159 , fiscalização de trânsito
http://www.ouvidoria.curitiba.pr.leg.br/ouvidoria/20160328094242 , fiscalização de trânsito
http://www.ouvidoria.curitiba.pr.leg.br/ouvidoria/20160511083840 , fiscalização de trânsito
http://www.ouvidoria.curitiba.pr.leg.br/ouvidoria/20160607204339 , fiscalização de trânsito
http://www.ouvidoria.curitiba.pr.leg.br/ouvidoria/20160608150731 , fiscalização de trânsito
http://www.ouvidoria.curitiba.pr.leg.br/ouvidoria/20160614162945 , fiscalização de trânsito
http://www.ouvidoria.curitiba.pr.leg.br/ouvidoria/20160619181452 , fiscalização de trânsito
http://www.ouvidoria.curitiba.pr.leg.br/ouvidoria/20160704141713 , fiscalização de trânsito
http://www.ouvidoria.curitiba.pr.leg.br/ouvidoria/20160705185655 , fiscalização de trânsito
http://www.ouvidoria.curitiba.pr.leg.br/ouvidoria/20160711171122 , fiscalização de trânsito
http://www.ouvidoria.curitiba.pr.leg.br/ouvidoria/20160712095256 , fiscalização de trânsito
http://www.ouvidoria.curitiba.pr.leg.br/ouvidoria/20160712135231 , fiscalização de trânsito
http://www.ouvidoria.curitiba.pr.leg.br/ouvidoria/20160712145440 , fiscalização de trânsito
http://www.ouvidoria.curitiba.pr.leg.br/ouvidoria/20160718161845 , fiscalização de trânsito
http://www.ouvidoria.curitiba.pr.leg.br/ouvidoria/20160725174210 , fiscalização de trânsito
http://www.ouvidoria.curitiba.pr.leg.br/ouvidoria/20160727205740 , fiscalização de trânsito
http://www.ouvidoria.curitiba.pr.leg.br/ouvidoria/20160801154746 , fiscalização de trânsito
http://www.ouvidoria.curitiba.pr.leg.br/ouvidoria/20160801172353 , fiscalização de trânsito
http://www.ouvidoria.curitiba.pr.leg.br/ouvidoria/20160804102305 , fiscalização de trânsito
http://www.ouvidoria.curitiba.pr.leg.br/ouvidoria/20160804171413 , fiscalização de trânsito
http://www.ouvidoria.curitiba.pr.leg.br/ouvidoria/20160808094026 , fiscalização de trânsito
http://www.ouvidoria.curitiba.pr.leg.br/ouvidoria/20160809174912 , fiscalização de trânsito
http://www.ouvidoria.curitiba.pr.leg.br/ouvidoria/20160809175131 , fiscalização de trânsito
http://www.ouvidoria.curitiba.pr.leg.br/ouvidoria/20160815192719 , fiscalização de trânsito
http://www.ouvidoria.curitiba.pr.leg.br/ouvidoria/20160829124652 , fiscalização de trânsito
http://www.ouvidoria.curitiba.pr.leg.br/ouvidoria/20160905165900 , fiscalização de trânsito
http://www.ouvidoria.curitiba.pr.leg.br/ouvidoria/20160912122803 , fiscalização de trânsito
http://www.ouvidoria.curitiba.pr.leg.br/ouvidoria/20160912123330 , fiscalização de trânsito
http://www.ouvidoria.curitiba.pr.leg.br/ouvidoria/20160916095853 , fiscalização de trânsito
http://www.ouvidoria.curitiba.pr.leg.br/ouvidoria/20160916102544 , fiscalização de trânsito
http://www.ouvidoria.curitiba.pr.leg.br/ouvidoria/20160916102914 , fiscalização de trânsito
http://www.ouvidoria.curitiba.pr.leg.br/ouvidoria/20160919122951 , fiscalização de trânsito
http://www.ouvidoria.curitiba.pr.leg.br/ouvidoria/20160920165531 , fiscalização de trânsito
http://www.ouvidoria.curitiba.pr.leg.br/ouvidoria/20160922093802 , fiscalização de trânsito
http://www.ouvidoria.curitiba.pr.leg.br/ouvidoria/20160926131116 , fiscalização de trânsito
http://www.ouvidoria.curitiba.pr.leg.br/ouvidoria/20160927115631 , fiscalização de trânsito
http://www.ouvidoria.curitiba.pr.leg.br/ouvidoria/20161003123148 , fiscalização de trânsito
http://www.ouvidoria.curitiba.pr.leg.br/ouvidoria/20161006215047 , fiscalização de trânsito
http://www.ouvidoria.curitiba.pr.leg.br/ouvidoria/20161010103554 , fiscalização de trânsito
http://www.ouvidoria.curitiba.pr.leg.br/ouvidoria/20161017105432 , fiscalização de trânsito
http://www.ouvidoria.curitiba.pr.leg.br/ouvidoria/20161024102647 , fiscalização de trânsito
http://www.ouvidoria.curitiba.pr.leg.br/ouvidoria/20161107111535 , fiscalização de trânsito
http://www.ouvidoria.curitiba.pr.leg.br/ouvidoria/20151002114724 , galeria de águas pluviais
http://www.ouvidoria.curitiba.pr.leg.br/ouvidoria/20151111155744 , galeria de águas pluviais
http://www.ouvidoria.curitiba.pr.leg.br/ouvidoria/20151203103435 , galeria de águas pluviais
http://www.ouvidoria.curitiba.pr.leg.br/ouvidoria/20160229101122 , galeria de águas pluviais
http://www.ouvidoria.curitiba.pr.leg.br/ouvidoria/20160301104336 , galeria de águas pluviais
http://www.ouvidoria.curitiba.pr.leg.br/ouvidoria/20160301113858 , galeria de águas pluviais
http://www.ouvidoria.curitiba.pr.leg.br/ouvidoria/20160309161202 , galeria de águas pluviais
http://www.ouvidoria.curitiba.pr.leg.br/ouvidoria/20160318155247 , galeria de águas pluviais
http://www.ouvidoria.curitiba.pr.leg.br/ouvidoria/20160412171535 , galeria de águas pluviais
http://www.ouvidoria.curitiba.pr.leg.br/ouvidoria/20160526191255 , galeria de águas pluviais
http://www.ouvidoria.curitiba.pr.leg.br/ouvidoria/20160714113730 , galeria de águas pluviais
http://www.ouvidoria.curitiba.pr.leg.br/ouvidoria/20160719154523 , galeria de águas pluviais
http://www.ouvidoria.curitiba.pr.leg.br/ouvidoria/20160725091010 , galeria de águas pluviais
http://www.ouvidoria.curitiba.pr.leg.br/ouvidoria/20160810140646 , galeria de águas pluviais
http://www.ouvidoria.curitiba.pr.leg.br/ouvidoria/20160818105144 , galeria de águas pluviais
http://www.ouvidoria.curitiba.pr.leg.br/ouvidoria/20160822084420 , galeria de águas pluviais
http://www.ouvidoria.curitiba.pr.leg.br/ouvidoria/20160825094630 , galeria de águas pluviais
http://www.ouvidoria.curitiba.pr.leg.br/ouvidoria/20160829164722 , galeria de águas pluviais
http://www.ouvidoria.curitiba.pr.leg.br/ouvidoria/20160905091455 , galeria de águas pluviais
http://www.ouvidoria.curitiba.pr.leg.br/ouvidoria/20161011150114 , galeria de águas pluviais
http://www.ouvidoria.curitiba.pr.leg.br/ouvidoria/20161018173600 , galeria de águas pluviais
http://www.ouvidoria.curitiba.pr.leg.br/ouvidoria/20150914150207 , iluminação pública
http://www.ouvidoria.curitiba.pr.leg.br/ouvidoria/20150914153049 , iluminação pública
http://www.ouvidoria.curitiba.pr.leg.br/ouvidoria/20150915095440 , iluminação pública
http://www.ouvidoria.curitiba.pr.leg.br/ouvidoria/20150915153707 , iluminação pública
http://www.ouvidoria.curitiba.pr.leg.br/ouvidoria/20150921093445 , iluminação pública
http://www.ouvidoria.curitiba.pr.leg.br/ouvidoria/20150922103312 , iluminação pública
http://www.ouvidoria.curitiba.pr.leg.br/ouvidoria/20150922113014 , iluminação pública
http://www.ouvidoria.curitiba.pr.leg.br/ouvidoria/20150922125504 , iluminação pública
http://www.ouvidoria.curitiba.pr.leg.br/ouvidoria/20150922130326 , iluminação pública
http://www.ouvidoria.curitiba.pr.leg.br/ouvidoria/20150922140543 , iluminação pública
http://www.ouvidoria.curitiba.pr.leg.br/ouvidoria/20150922154526 , iluminação pública
http://www.ouvidoria.curitiba.pr.leg.br/ouvidoria/20150923082803 , iluminação pública
http://www.ouvidoria.curitiba.pr.leg.br/ouvidoria/20150925093531 , iluminação pública
http://www.ouvidoria.curitiba.pr.leg.br/ouvidoria/20150928153125 , iluminação pública
http://www.ouvidoria.curitiba.pr.leg.br/ouvidoria/20150929081041 , iluminação pública
http://www.ouvidoria.curitiba.pr.leg.br/ouvidoria/20150930141318 , iluminação pública
http://www.ouvidoria.curitiba.pr.leg.br/ouvidoria/20150930171349 , iluminação pública
http://www.ouvidoria.curitiba.pr.leg.br/ouvidoria/20151006142340 , iluminação pública
http://www.ouvidoria.curitiba.pr.leg.br/ouvidoria/20151007000914 , iluminação pública
http://www.ouvidoria.curitiba.pr.leg.br/ouvidoria/20151008191158 , iluminação pública
http://www.ouvidoria.curitiba.pr.leg.br/ouvidoria/20151011231246 , iluminação pública
http://www.ouvidoria.curitiba.pr.leg.br/ouvidoria/20151017111943 , iluminação pública
http://www.ouvidoria.curitiba.pr.leg.br/ouvidoria/20151020163740 , iluminação pública
http://www.ouvidoria.curitiba.pr.leg.br/ouvidoria/20151020165326 , iluminação pública
http://www.ouvidoria.curitiba.pr.leg.br/ouvidoria/20151022095636 , iluminação pública
http://www.ouvidoria.curitiba.pr.leg.br/ouvidoria/20151022154628 , iluminação pública
http://www.ouvidoria.curitiba.pr.leg.br/ouvidoria/20151023153141 , iluminação pública
http://www.ouvidoria.curitiba.pr.leg.br/ouvidoria/20151026155516 , iluminação pública
http://www.ouvidoria.curitiba.pr.leg.br/ouvidoria/20151026160539 , iluminação pública
http://www.ouvidoria.curitiba.pr.leg.br/ouvidoria/20151027104623 , iluminação pública
http://www.ouvidoria.curitiba.pr.leg.br/ouvidoria/20151028173348 , iluminação pública
http://www.ouvidoria.curitiba.pr.leg.br/ouvidoria/20151028201959 , iluminação pública
http://www.ouvidoria.curitiba.pr.leg.br/ouvidoria/20151102130114 , iluminação pública
http://www.ouvidoria.curitiba.pr.leg.br/ouvidoria/20151103112824 , iluminação pública
http://www.ouvidoria.curitiba.pr.leg.br/ouvidoria/20151103113008 , iluminação pública
http://www.ouvidoria.curitiba.pr.leg.br/ouvidoria/20151103163704 , iluminação pública
http://www.ouvidoria.curitiba.pr.leg.br/ouvidoria/20151104003128 , iluminação pública
http://www.ouvidoria.curitiba.pr.leg.br/ouvidoria/20151104004041 , iluminação pública
http://www.ouvidoria.curitiba.pr.leg.br/ouvidoria/20151104091925 , iluminação pública
http://www.ouvidoria.curitiba.pr.leg.br/ouvidoria/20151104101415 , iluminação pública
http://www.ouvidoria.curitiba.pr.leg.br/ouvidoria/20151105113948 , iluminação pública
http://www.ouvidoria.curitiba.pr.leg.br/ouvidoria/20151110172930 , iluminação pública
http://www.ouvidoria.curitiba.pr.leg.br/ouvidoria/20151111100646 , iluminação pública
http://www.ouvidoria.curitiba.pr.leg.br/ouvidoria/20151112173151 , iluminação pública
http://www.ouvidoria.curitiba.pr.leg.br/ouvidoria/20151113100727 , iluminação pública
http://www.ouvidoria.curitiba.pr.leg.br/ouvidoria/20151116115325 , iluminação pública
http://www.ouvidoria.curitiba.pr.leg.br/ouvidoria/20151119154042 , iluminação pública
http://www.ouvidoria.curitiba.pr.leg.br/ouvidoria/20151124130146 , iluminação pública
http://www.ouvidoria.curitiba.pr.leg.br/ouvidoria/20151124140327 , iluminação pública
http://www.ouvidoria.curitiba.pr.leg.br/ouvidoria/20151125163311 , iluminação pública
http://www.ouvidoria.curitiba.pr.leg.br/ouvidoria/20151126151035 , iluminação pública
http://www.ouvidoria.curitiba.pr.leg.br/ouvidoria/20151130084955 , iluminação pública
http://www.ouvidoria.curitiba.pr.leg.br/ouvidoria/20151130102255 , iluminação pública
http://www.ouvidoria.curitiba.pr.leg.br/ouvidoria/20151201151035 , iluminação pública
http://www.ouvidoria.curitiba.pr.leg.br/ouvidoria/20151202100413 , iluminação pública
http://www.ouvidoria.curitiba.pr.leg.br/ouvidoria/20151206122916 , iluminação pública
http://www.ouvidoria.curitiba.pr.leg.br/ouvidoria/20151207102435 , iluminação pública
http://www.ouvidoria.curitiba.pr.leg.br/ouvidoria/20151207112644 , iluminação pública
http://www.ouvidoria.curitiba.pr.leg.br/ouvidoria/20151207165417 , iluminação pública
http://www.ouvidoria.curitiba.pr.leg.br/ouvidoria/20151207173448 , iluminação pública
http://www.ouvidoria.curitiba.pr.leg.br/ouvidoria/20151209112341 , iluminação pública
http://www.ouvidoria.curitiba.pr.leg.br/ouvidoria/20151209164249 , iluminação pública
http://www.ouvidoria.curitiba.pr.leg.br/ouvidoria/20151210102940 , iluminação pública
http://www.ouvidoria.curitiba.pr.leg.br/ouvidoria/20151210103356 , iluminação pública
http://www.ouvidoria.curitiba.pr.leg.br/ouvidoria/20151211102807 , iluminação pública
http://www.ouvidoria.curitiba.pr.leg.br/ouvidoria/20151216091759 , iluminação pública
http://www.ouvidoria.curitiba.pr.leg.br/ouvidoria/20151216155010 , iluminação pública
http://www.ouvidoria.curitiba.pr.leg.br/ouvidoria/20151218113931 , iluminação pública
http://www.ouvidoria.curitiba.pr.leg.br/ouvidoria/20151228154410 , iluminação pública
http://www.ouvidoria.curitiba.pr.leg.br/ouvidoria/20160104153926 , iluminação pública
http://www.ouvidoria.curitiba.pr.leg.br/ouvidoria/20160105162033 , iluminação pública
http://www.ouvidoria.curitiba.pr.leg.br/ouvidoria/20160105164234 , iluminação pública
http://www.ouvidoria.curitiba.pr.leg.br/ouvidoria/20160105170500 , iluminação pública
http://www.ouvidoria.curitiba.pr.leg.br/ouvidoria/20160105171426 , iluminação pública
http://www.ouvidoria.curitiba.pr.leg.br/ouvidoria/20160106141744 , iluminação pública
http://www.ouvidoria.curitiba.pr.leg.br/ouvidoria/20160106144802 , iluminação pública
http://www.ouvidoria.curitiba.pr.leg.br/ouvidoria/20160106155721 , iluminação pública
http://www.ouvidoria.curitiba.pr.leg.br/ouvidoria/20160106233039 , iluminação pública
http://www.ouvidoria.curitiba.pr.leg.br/ouvidoria/20160107163524 , iluminação pública
http://www.ouvidoria.curitiba.pr.leg.br/ouvidoria/20160111140743 , iluminação pública
http://www.ouvidoria.curitiba.pr.leg.br/ouvidoria/20160112100551 , iluminação pública
http://www.ouvidoria.curitiba.pr.leg.br/ouvidoria/20160112110946 , iluminação pública
http://www.ouvidoria.curitiba.pr.leg.br/ouvidoria/20160112174152 , iluminação pública
http://www.ouvidoria.curitiba.pr.leg.br/ouvidoria/20160113150414 , iluminação pública
http://www.ouvidoria.curitiba.pr.leg.br/ouvidoria/20160114090949 , iluminação pública
http://www.ouvidoria.curitiba.pr.leg.br/ouvidoria/20160114140954 , iluminação pública
http://www.ouvidoria.curitiba.pr.leg.br/ouvidoria/20160114170211 , iluminação pública
http://www.ouvidoria.curitiba.pr.leg.br/ouvidoria/20160115090457 , iluminação pública
http://www.ouvidoria.curitiba.pr.leg.br/ouvidoria/20160118094534 , iluminação pública
http://www.ouvidoria.curitiba.pr.leg.br/ouvidoria/20160118094919 , iluminação pública
http://www.ouvidoria.curitiba.pr.leg.br/ouvidoria/20160118095344 , iluminação pública
http://www.ouvidoria.curitiba.pr.leg.br/ouvidoria/20160118113421 , iluminação pública
http://www.ouvidoria.curitiba.pr.leg.br/ouvidoria/20160118115450 , iluminação pública
http://www.ouvidoria.curitiba.pr.leg.br/ouvidoria/20160119145828 , iluminação pública
http://www.ouvidoria.curitiba.pr.leg.br/ouvidoria/20160121094153 , iluminação pública
http://www.ouvidoria.curitiba.pr.leg.br/ouvidoria/20160122142509 , iluminação pública
http://www.ouvidoria.curitiba.pr.leg.br/ouvidoria/20160122145157 , iluminação pública
http://www.ouvidoria.curitiba.pr.leg.br/ouvidoria/20160125150710 , iluminação pública
http://www.ouvidoria.curitiba.pr.leg.br/ouvidoria/20160126221332 , iluminação pública
http://www.ouvidoria.curitiba.pr.leg.br/ouvidoria/20160127105626 , iluminação pública
http://www.ouvidoria.curitiba.pr.leg.br/ouvidoria/20160127105654 , iluminação pública
http://www.ouvidoria.curitiba.pr.leg.br/ouvidoria/20160201082555 , iluminação pública
http://www.ouvidoria.curitiba.pr.leg.br/ouvidoria/20160205095951 , iluminação pública
http://www.ouvidoria.curitiba.pr.leg.br/ouvidoria/20160205150119 , iluminação pública
http://www.ouvidoria.curitiba.pr.leg.br/ouvidoria/20160210163105 , iluminação pública
http://www.ouvidoria.curitiba.pr.leg.br/ouvidoria/20160211084817 , iluminação pública
http://www.ouvidoria.curitiba.pr.leg.br/ouvidoria/20160211121033 , iluminação pública
http://www.ouvidoria.curitiba.pr.leg.br/ouvidoria/20160212180058 , iluminação pública
http://www.ouvidoria.curitiba.pr.leg.br/ouvidoria/20160215145248 , iluminação pública
http://www.ouvidoria.curitiba.pr.leg.br/ouvidoria/20160216100521 , iluminação pública
http://www.ouvidoria.curitiba.pr.leg.br/ouvidoria/20160216102847 , iluminação pública
http://www.ouvidoria.curitiba.pr.leg.br/ouvidoria/20160216104730 , iluminação pública
http://www.ouvidoria.curitiba.pr.leg.br/ouvidoria/20160216111922 , iluminação pública
http://www.ouvidoria.curitiba.pr.leg.br/ouvidoria/20160216150306 , iluminação pública
http://www.ouvidoria.curitiba.pr.leg.br/ouvidoria/20160217105036 , iluminação pública
http://www.ouvidoria.curitiba.pr.leg.br/ouvidoria/20160217165323 , iluminação pública
http://www.ouvidoria.curitiba.pr.leg.br/ouvidoria/20160218100051 , iluminação pública
http://www.ouvidoria.curitiba.pr.leg.br/ouvidoria/20160218154608 , iluminação pública
http://www.ouvidoria.curitiba.pr.leg.br/ouvidoria/20160219090509 , iluminação pública
http://www.ouvidoria.curitiba.pr.leg.br/ouvidoria/20160219111255 , iluminação pública
http://www.ouvidoria.curitiba.pr.leg.br/ouvidoria/20160219142628 , iluminação pública
http://www.ouvidoria.curitiba.pr.leg.br/ouvidoria/20160221135022 , iluminação pública
http://www.ouvidoria.curitiba.pr.leg.br/ouvidoria/20160222104230 , iluminação pública
http://www.ouvidoria.curitiba.pr.leg.br/ouvidoria/20160223084858 , iluminação pública
http://www.ouvidoria.curitiba.pr.leg.br/ouvidoria/20160223112824 , iluminação pública
http://www.ouvidoria.curitiba.pr.leg.br/ouvidoria/20160223114252 , iluminação pública
http://www.ouvidoria.curitiba.pr.leg.br/ouvidoria/20160223115535 , iluminação pública
http://www.ouvidoria.curitiba.pr.leg.br/ouvidoria/20160223165653 , iluminação pública
http://www.ouvidoria.curitiba.pr.leg.br/ouvidoria/20160225090212 , iluminação pública
http://www.ouvidoria.curitiba.pr.leg.br/ouvidoria/20160225165454 , iluminação pública
http://www.ouvidoria.curitiba.pr.leg.br/ouvidoria/20160229103709 , iluminação pública
http://www.ouvidoria.curitiba.pr.leg.br/ouvidoria/20160229170625 , iluminação pública
http://www.ouvidoria.curitiba.pr.leg.br/ouvidoria/20160301174941 , iluminação pública
http://www.ouvidoria.curitiba.pr.leg.br/ouvidoria/20160302135310 , iluminação pública
http://www.ouvidoria.curitiba.pr.leg.br/ouvidoria/20160302192953 , iluminação pública
http://www.ouvidoria.curitiba.pr.leg.br/ouvidoria/20160303182222 , iluminação pública
http://www.ouvidoria.curitiba.pr.leg.br/ouvidoria/20160304104935 , iluminação pública
http://www.ouvidoria.curitiba.pr.leg.br/ouvidoria/20160307110431 , iluminação pública
http://www.ouvidoria.curitiba.pr.leg.br/ouvidoria/20160307113012 , iluminação pública
http://www.ouvidoria.curitiba.pr.leg.br/ouvidoria/20160307162035 , iluminação pública
http://www.ouvidoria.curitiba.pr.leg.br/ouvidoria/20160308114011 , iluminação pública
http://www.ouvidoria.curitiba.pr.leg.br/ouvidoria/20160308134934 , iluminação pública
http://www.ouvidoria.curitiba.pr.leg.br/ouvidoria/20160309094006 , iluminação pública
http://www.ouvidoria.curitiba.pr.leg.br/ouvidoria/20160309103528 , iluminação pública
http://www.ouvidoria.curitiba.pr.leg.br/ouvidoria/20160310090854 , iluminação pública
http://www.ouvidoria.curitiba.pr.leg.br/ouvidoria/20160311111658 , iluminação pública
http://www.ouvidoria.curitiba.pr.leg.br/ouvidoria/20160314094002 , iluminação pública
http://www.ouvidoria.curitiba.pr.leg.br/ouvidoria/20160314113818 , iluminação pública
http://www.ouvidoria.curitiba.pr.leg.br/ouvidoria/20160317092647 , iluminação pública
http://www.ouvidoria.curitiba.pr.leg.br/ouvidoria/20160318153048 , iluminação pública
http://www.ouvidoria.curitiba.pr.leg.br/ouvidoria/20160321090616 , iluminação pública
http://www.ouvidoria.curitiba.pr.leg.br/ouvidoria/20160322131824 , iluminação pública
http://www.ouvidoria.curitiba.pr.leg.br/ouvidoria/20160323090500 , iluminação pública
http://www.ouvidoria.curitiba.pr.leg.br/ouvidoria/20160323114629 , iluminação pública
http://www.ouvidoria.curitiba.pr.leg.br/ouvidoria/20160324103152 , iluminação pública
http://www.ouvidoria.curitiba.pr.leg.br/ouvidoria/20160324161536 , iluminação pública
http://www.ouvidoria.curitiba.pr.leg.br/ouvidoria/20160327211828 , iluminação pública
http://www.ouvidoria.curitiba.pr.leg.br/ouvidoria/20160329170106 , iluminação pública
http://www.ouvidoria.curitiba.pr.leg.br/ouvidoria/20160330093913 , iluminação pública
http://www.ouvidoria.curitiba.pr.leg.br/ouvidoria/20160401151247 , iluminação pública
http://www.ouvidoria.curitiba.pr.leg.br/ouvidoria/20160404140843 , iluminação pública
http://www.ouvidoria.curitiba.pr.leg.br/ouvidoria/20160411150507 , iluminação pública
http://www.ouvidoria.curitiba.pr.leg.br/ouvidoria/20160412104242 , iluminação pública
http://www.ouvidoria.curitiba.pr.leg.br/ouvidoria/20160412141846 , iluminação pública
http://www.ouvidoria.curitiba.pr.leg.br/ouvidoria/20160413095212 , iluminação pública
http://www.ouvidoria.curitiba.pr.leg.br/ouvidoria/20160413170319 , iluminação pública
http://www.ouvidoria.curitiba.pr.leg.br/ouvidoria/20160413191830 , iluminação pública
http://www.ouvidoria.curitiba.pr.leg.br/ouvidoria/20160414084535 , iluminação pública
http://www.ouvidoria.curitiba.pr.leg.br/ouvidoria/20160415104825 , iluminação pública
http://www.ouvidoria.curitiba.pr.leg.br/ouvidoria/20160415144652 , iluminação pública
http://www.ouvidoria.curitiba.pr.leg.br/ouvidoria/20160415161205 , iluminação pública
http://www.ouvidoria.curitiba.pr.leg.br/ouvidoria/20160428164110 , iluminação pública
http://www.ouvidoria.curitiba.pr.leg.br/ouvidoria/20160503092800 , iluminação pública
http://www.ouvidoria.curitiba.pr.leg.br/ouvidoria/20160506093012 , iluminação pública
http://www.ouvidoria.curitiba.pr.leg.br/ouvidoria/20160520161813 , iluminação pública
http://www.ouvidoria.curitiba.pr.leg.br/ouvidoria/20160523095506 , iluminação pública
http://www.ouvidoria.curitiba.pr.leg.br/ouvidoria/20160524172448 , iluminação pública
http://www.ouvidoria.curitiba.pr.leg.br/ouvidoria/20160529131339 , iluminação pública
http://www.ouvidoria.curitiba.pr.leg.br/ouvidoria/20160530101639 , iluminação pública
http://www.ouvidoria.curitiba.pr.leg.br/ouvidoria/20160602142320 , iluminação pública
http://www.ouvidoria.curitiba.pr.leg.br/ouvidoria/20160602180952 , iluminação pública
http://www.ouvidoria.curitiba.pr.leg.br/ouvidoria/20160603094849 , iluminação pública
http://www.ouvidoria.curitiba.pr.leg.br/ouvidoria/20160603151047 , iluminação pública
http://www.ouvidoria.curitiba.pr.leg.br/ouvidoria/20160603193119 , iluminação pública
http://www.ouvidoria.curitiba.pr.leg.br/ouvidoria/20160605095331 , iluminação pública
http://www.ouvidoria.curitiba.pr.leg.br/ouvidoria/20160616095904 , iluminação pública
http://www.ouvidoria.curitiba.pr.leg.br/ouvidoria/20160616115212 , iluminação pública
http://www.ouvidoria.curitiba.pr.leg.br/ouvidoria/20160620213119 , iluminação pública
http://www.ouvidoria.curitiba.pr.leg.br/ouvidoria/20160624111946 , iluminação pública
http://www.ouvidoria.curitiba.pr.leg.br/ouvidoria/20160627232741 , iluminação pública
http://www.ouvidoria.curitiba.pr.leg.br/ouvidoria/20160628093721 , iluminação pública
http://www.ouvidoria.curitiba.pr.leg.br/ouvidoria/20160628104556 , iluminação pública
http://www.ouvidoria.curitiba.pr.leg.br/ouvidoria/20160628152903 , iluminação pública
http://www.ouvidoria.curitiba.pr.leg.br/ouvidoria/20160628171440 , iluminação pública
http://www.ouvidoria.curitiba.pr.leg.br/ouvidoria/20160629093857 , iluminação pública
http://www.ouvidoria.curitiba.pr.leg.br/ouvidoria/20160629101253 , iluminação pública
http://www.ouvidoria.curitiba.pr.leg.br/ouvidoria/20160629123009 , iluminação pública
http://www.ouvidoria.curitiba.pr.leg.br/ouvidoria/20160630095953 , iluminação pública
http://www.ouvidoria.curitiba.pr.leg.br/ouvidoria/20160701115508 , iluminação pública
http://www.ouvidoria.curitiba.pr.leg.br/ouvidoria/20160704140735 , iluminação pública
http://www.ouvidoria.curitiba.pr.leg.br/ouvidoria/20160705114912 , iluminação pública
http://www.ouvidoria.curitiba.pr.leg.br/ouvidoria/20160705131030 , iluminação pública
http://www.ouvidoria.curitiba.pr.leg.br/ouvidoria/20160705142458 , iluminação pública
http://www.ouvidoria.curitiba.pr.leg.br/ouvidoria/20160706160125 , iluminação pública
http://www.ouvidoria.curitiba.pr.leg.br/ouvidoria/20160706232842 , iluminação pública
http://www.ouvidoria.curitiba.pr.leg.br/ouvidoria/20160707102719 , iluminação pública
http://www.ouvidoria.curitiba.pr.leg.br/ouvidoria/20160707150052 , iluminação pública
http://www.ouvidoria.curitiba.pr.leg.br/ouvidoria/20160708102111 , iluminação pública
http://www.ouvidoria.curitiba.pr.leg.br/ouvidoria/20160708114116 , iluminação pública
http://www.ouvidoria.curitiba.pr.leg.br/ouvidoria/20160708145544 , iluminação pública
http://www.ouvidoria.curitiba.pr.leg.br/ouvidoria/20160711094048 , iluminação pública
http://www.ouvidoria.curitiba.pr.leg.br/ouvidoria/20160711094104 , iluminação pública
http://www.ouvidoria.curitiba.pr.leg.br/ouvidoria/20160711160427 , iluminação pública
http://www.ouvidoria.curitiba.pr.leg.br/ouvidoria/20160711162035 , iluminação pública
http://www.ouvidoria.curitiba.pr.leg.br/ouvidoria/20160711162240 , iluminação pública
http://www.ouvidoria.curitiba.pr.leg.br/ouvidoria/20160712142925 , iluminação pública
http://www.ouvidoria.curitiba.pr.leg.br/ouvidoria/20160712151511 , iluminação pública
http://www.ouvidoria.curitiba.pr.leg.br/ouvidoria/20160712154858 , iluminação pública
http://www.ouvidoria.curitiba.pr.leg.br/ouvidoria/20160712161005 , iluminação pública
http://www.ouvidoria.curitiba.pr.leg.br/ouvidoria/20160713112235 , iluminação pública
http://www.ouvidoria.curitiba.pr.leg.br/ouvidoria/20160713113826 , iluminação pública
http://www.ouvidoria.curitiba.pr.leg.br/ouvidoria/20160713143933 , iluminação pública
http://www.ouvidoria.curitiba.pr.leg.br/ouvidoria/20160715091256 , iluminação pública
http://www.ouvidoria.curitiba.pr.leg.br/ouvidoria/20160715172037 , iluminação pública
http://www.ouvidoria.curitiba.pr.leg.br/ouvidoria/20160716173043 , iluminação pública
http://www.ouvidoria.curitiba.pr.leg.br/ouvidoria/20160718145356 , iluminação pública
http://www.ouvidoria.curitiba.pr.leg.br/ouvidoria/20160719094336 , iluminação pública
http://www.ouvidoria.curitiba.pr.leg.br/ouvidoria/20160719100614 , iluminação pública
http://www.ouvidoria.curitiba.pr.leg.br/ouvidoria/20160719105300 , iluminação pública
http://www.ouvidoria.curitiba.pr.leg.br/ouvidoria/20160719172340 , iluminação pública
http://www.ouvidoria.curitiba.pr.leg.br/ouvidoria/20160720132127 , iluminação pública
http://www.ouvidoria.curitiba.pr.leg.br/ouvidoria/20160720143229 , iluminação pública
http://www.ouvidoria.curitiba.pr.leg.br/ouvidoria/20160720143917 , iluminação pública
http://www.ouvidoria.curitiba.pr.leg.br/ouvidoria/20160720164328 , iluminação pública
http://www.ouvidoria.curitiba.pr.leg.br/ouvidoria/20160721143034 , iluminação pública
http://www.ouvidoria.curitiba.pr.leg.br/ouvidoria/20160721145959 , iluminação pública
http://www.ouvidoria.curitiba.pr.leg.br/ouvidoria/20160721153034 , iluminação pública
http://www.ouvidoria.curitiba.pr.leg.br/ouvidoria/20160722095927 , iluminação pública
http://www.ouvidoria.curitiba.pr.leg.br/ouvidoria/20160722121720 , iluminação pública
http://www.ouvidoria.curitiba.pr.leg.br/ouvidoria/20160722161713 , iluminação pública
http://www.ouvidoria.curitiba.pr.leg.br/ouvidoria/20160725103801 , iluminação pública
http://www.ouvidoria.curitiba.pr.leg.br/ouvidoria/20160726154513 , iluminação pública
http://www.ouvidoria.curitiba.pr.leg.br/ouvidoria/20160726192545 , iluminação pública
http://www.ouvidoria.curitiba.pr.leg.br/ouvidoria/20160727111547 , iluminação pública
http://www.ouvidoria.curitiba.pr.leg.br/ouvidoria/20160727114457 , iluminação pública
http://www.ouvidoria.curitiba.pr.leg.br/ouvidoria/20160727172725 , iluminação pública
http://www.ouvidoria.curitiba.pr.leg.br/ouvidoria/20160729102921 , iluminação pública
http://www.ouvidoria.curitiba.pr.leg.br/ouvidoria/20160729110239 , iluminação pública
http://www.ouvidoria.curitiba.pr.leg.br/ouvidoria/20160729112615 , iluminação pública
http://www.ouvidoria.curitiba.pr.leg.br/ouvidoria/20160729151639 , iluminação pública
http://www.ouvidoria.curitiba.pr.leg.br/ouvidoria/20160729165834 , iluminação pública
http://www.ouvidoria.curitiba.pr.leg.br/ouvidoria/20160801103935 , iluminação pública
http://www.ouvidoria.curitiba.pr.leg.br/ouvidoria/20160802100548 , iluminação pública
http://www.ouvidoria.curitiba.pr.leg.br/ouvidoria/20160802143304 , iluminação pública
http://www.ouvidoria.curitiba.pr.leg.br/ouvidoria/20160803112700 , iluminação pública
http://www.ouvidoria.curitiba.pr.leg.br/ouvidoria/20160804171202 , iluminação pública
http://www.ouvidoria.curitiba.pr.leg.br/ouvidoria/20160805103623 , iluminação pública
http://www.ouvidoria.curitiba.pr.leg.br/ouvidoria/20160805104403 , iluminação pública
http://www.ouvidoria.curitiba.pr.leg.br/ouvidoria/20160805114644 , iluminação pública
http://www.ouvidoria.curitiba.pr.leg.br/ouvidoria/20160808090346 , iluminação pública
http://www.ouvidoria.curitiba.pr.leg.br/ouvidoria/20160808101212 , iluminação pública
http://www.ouvidoria.curitiba.pr.leg.br/ouvidoria/20160809095731 , iluminação pública
http://www.ouvidoria.curitiba.pr.leg.br/ouvidoria/20160809103405 , iluminação pública
http://www.ouvidoria.curitiba.pr.leg.br/ouvidoria/20160810095850 , iluminação pública
http://www.ouvidoria.curitiba.pr.leg.br/ouvidoria/20160810170019 , iluminação pública
http://www.ouvidoria.curitiba.pr.leg.br/ouvidoria/20160811093338 , iluminação pública
http://www.ouvidoria.curitiba.pr.leg.br/ouvidoria/20160811094005 , iluminação pública
http://www.ouvidoria.curitiba.pr.leg.br/ouvidoria/20160811103540 , iluminação pública
http://www.ouvidoria.curitiba.pr.leg.br/ouvidoria/20160811124143 , iluminação pública
http://www.ouvidoria.curitiba.pr.leg.br/ouvidoria/20160811224148 , iluminação pública
http://www.ouvidoria.curitiba.pr.leg.br/ouvidoria/20160812153210 , iluminação pública
http://www.ouvidoria.curitiba.pr.leg.br/ouvidoria/20160812153228 , iluminação pública
http://www.ouvidoria.curitiba.pr.leg.br/ouvidoria/20160815081136 , iluminação pública
http://www.ouvidoria.curitiba.pr.leg.br/ouvidoria/20160815110024 , iluminação pública
http://www.ouvidoria.curitiba.pr.leg.br/ouvidoria/20160815141303 , iluminação pública
http://www.ouvidoria.curitiba.pr.leg.br/ouvidoria/20160815153452 , iluminação pública
http://www.ouvidoria.curitiba.pr.leg.br/ouvidoria/20160816175502 , iluminação pública
http://www.ouvidoria.curitiba.pr.leg.br/ouvidoria/20160816190045 , iluminação pública
http://www.ouvidoria.curitiba.pr.leg.br/ouvidoria/20160817074505 , iluminação pública
http://www.ouvidoria.curitiba.pr.leg.br/ouvidoria/20160817105831 , iluminação pública
http://www.ouvidoria.curitiba.pr.leg.br/ouvidoria/20160817111426 , iluminação pública
http://www.ouvidoria.curitiba.pr.leg.br/ouvidoria/20160817135058 , iluminação pública
http://www.ouvidoria.curitiba.pr.leg.br/ouvidoria/20160817165801 , iluminação pública
http://www.ouvidoria.curitiba.pr.leg.br/ouvidoria/20160818162744 , iluminação pública
http://www.ouvidoria.curitiba.pr.leg.br/ouvidoria/20160819093640 , iluminação pública
http://www.ouvidoria.curitiba.pr.leg.br/ouvidoria/20160822113347 , iluminação pública
http://www.ouvidoria.curitiba.pr.leg.br/ouvidoria/20160822115428 , iluminação pública
http://www.ouvidoria.curitiba.pr.leg.br/ouvidoria/20160824092915 , iluminação pública
http://www.ouvidoria.curitiba.pr.leg.br/ouvidoria/20160825114207 , iluminação pública
http://www.ouvidoria.curitiba.pr.leg.br/ouvidoria/20160825133242 , iluminação pública
http://www.ouvidoria.curitiba.pr.leg.br/ouvidoria/20160826100842 , iluminação pública
http://www.ouvidoria.curitiba.pr.leg.br/ouvidoria/20160826214159 , iluminação pública
http://www.ouvidoria.curitiba.pr.leg.br/ouvidoria/20160827190027 , iluminação pública
http://www.ouvidoria.curitiba.pr.leg.br/ouvidoria/20160830094431 , iluminação pública
http://www.ouvidoria.curitiba.pr.leg.br/ouvidoria/20160830101502 , iluminação pública
http://www.ouvidoria.curitiba.pr.leg.br/ouvidoria/20160830103836 , iluminação pública
http://www.ouvidoria.curitiba.pr.leg.br/ouvidoria/20160831171644 , iluminação pública
http://www.ouvidoria.curitiba.pr.leg.br/ouvidoria/20160901083432 , iluminação pública
http://www.ouvidoria.curitiba.pr.leg.br/ouvidoria/20160901134910 , iluminação pública
http://www.ouvidoria.curitiba.pr.leg.br/ouvidoria/20160902204917 , iluminação pública
http://www.ouvidoria.curitiba.pr.leg.br/ouvidoria/20160912093032 , iluminação pública
http://www.ouvidoria.curitiba.pr.leg.br/ouvidoria/20160912165710 , iluminação pública
http://www.ouvidoria.curitiba.pr.leg.br/ouvidoria/20160914165941 , iluminação pública
http://www.ouvidoria.curitiba.pr.leg.br/ouvidoria/20160915094244 , iluminação pública
http://www.ouvidoria.curitiba.pr.leg.br/ouvidoria/20160915114205 , iluminação pública
http://www.ouvidoria.curitiba.pr.leg.br/ouvidoria/20160916162949 , iluminação pública
http://www.ouvidoria.curitiba.pr.leg.br/ouvidoria/20160917205824 , iluminação pública
http://www.ouvidoria.curitiba.pr.leg.br/ouvidoria/20160919113612 , iluminação pública
http://www.ouvidoria.curitiba.pr.leg.br/ouvidoria/20160919140102 , iluminação pública
http://www.ouvidoria.curitiba.pr.leg.br/ouvidoria/20160919140635 , iluminação pública
http://www.ouvidoria.curitiba.pr.leg.br/ouvidoria/20160919154546 , iluminação pública
http://www.ouvidoria.curitiba.pr.leg.br/ouvidoria/20160920115709 , iluminação pública
http://www.ouvidoria.curitiba.pr.leg.br/ouvidoria/20160920144725 , iluminação pública
http://www.ouvidoria.curitiba.pr.leg.br/ouvidoria/20160921170736 , iluminação pública
http://www.ouvidoria.curitiba.pr.leg.br/ouvidoria/20160922155745 , iluminação pública
http://www.ouvidoria.curitiba.pr.leg.br/ouvidoria/20160926090123 , iluminação pública
http://www.ouvidoria.curitiba.pr.leg.br/ouvidoria/20160927101344 , iluminação pública
http://www.ouvidoria.curitiba.pr.leg.br/ouvidoria/20160927205749 , iluminação pública
http://www.ouvidoria.curitiba.pr.leg.br/ouvidoria/20160928092257 , iluminação pública
http://www.ouvidoria.curitiba.pr.leg.br/ouvidoria/20160929072926 , iluminação pública
http://www.ouvidoria.curitiba.pr.leg.br/ouvidoria/20160929122008 , iluminação pública
http://www.ouvidoria.curitiba.pr.leg.br/ouvidoria/20161003110851 , iluminação pública
http://www.ouvidoria.curitiba.pr.leg.br/ouvidoria/20161004143032 , iluminação pública
http://www.ouvidoria.curitiba.pr.leg.br/ouvidoria/20161006100929 , iluminação pública
http://www.ouvidoria.curitiba.pr.leg.br/ouvidoria/20161006110554 , iluminação pública
http://www.ouvidoria.curitiba.pr.leg.br/ouvidoria/20161006165108 , iluminação pública
http://www.ouvidoria.curitiba.pr.leg.br/ouvidoria/20161010115741 , iluminação pública
http://www.ouvidoria.curitiba.pr.leg.br/ouvidoria/20161010153250 , iluminação pública
http://www.ouvidoria.curitiba.pr.leg.br/ouvidoria/20161013143551 , iluminação pública
http://www.ouvidoria.curitiba.pr.leg.br/ouvidoria/20161013151642 , iluminação pública
http://www.ouvidoria.curitiba.pr.leg.br/ouvidoria/20161018094251 , iluminação pública
http://www.ouvidoria.curitiba.pr.leg.br/ouvidoria/20161019182236 , iluminação pública
http://www.ouvidoria.curitiba.pr.leg.br/ouvidoria/20161020153700 , iluminação pública
http://www.ouvidoria.curitiba.pr.leg.br/ouvidoria/20161021151706 , iluminação pública
http://www.ouvidoria.curitiba.pr.leg.br/ouvidoria/20161024154145 , iluminação pública
http://www.ouvidoria.curitiba.pr.leg.br/ouvidoria/20161024154434 , iluminação pública
http://www.ouvidoria.curitiba.pr.leg.br/ouvidoria/20161024155321 , iluminação pública
http://www.ouvidoria.curitiba.pr.leg.br/ouvidoria/20161024165319 , iluminação pública
http://www.ouvidoria.curitiba.pr.leg.br/ouvidoria/20161025101526 , iluminação pública
http://www.ouvidoria.curitiba.pr.leg.br/ouvidoria/20161025161311 , iluminação pública
http://www.ouvidoria.curitiba.pr.leg.br/ouvidoria/20161026151807 , iluminação pública
http://www.ouvidoria.curitiba.pr.leg.br/ouvidoria/20161027105310 , iluminação pública
http://www.ouvidoria.curitiba.pr.leg.br/ouvidoria/20161109103949 , iluminação pública
http://www.ouvidoria.curitiba.pr.leg.br/ouvidoria/20161109110404 , iluminação pública
http://www.ouvidoria.curitiba.pr.leg.br/ouvidoria/20161110094322 , iluminação pública
http://www.ouvidoria.curitiba.pr.leg.br/ouvidoria/20160223085409 , inspeção mosquito da dengue
http://www.ouvidoria.curitiba.pr.leg.br/ouvidoria/20160223090839 , inspeção mosquito da dengue
http://www.ouvidoria.curitiba.pr.leg.br/ouvidoria/20160223091149 , inspeção mosquito da dengue
http://www.ouvidoria.curitiba.pr.leg.br/ouvidoria/20160223091456 , inspeção mosquito da dengue
http://www.ouvidoria.curitiba.pr.leg.br/ouvidoria/20160223091851 , inspeção mosquito da dengue
http://www.ouvidoria.curitiba.pr.leg.br/ouvidoria/20160223092244 , inspeção mosquito da dengue
http://www.ouvidoria.curitiba.pr.leg.br/ouvidoria/20160223092609 , inspeção mosquito da dengue
http://www.ouvidoria.curitiba.pr.leg.br/ouvidoria/20160312131339 , inspeção mosquito da dengue
http://www.ouvidoria.curitiba.pr.leg.br/ouvidoria/20160402210249 , inspeção mosquito da dengue
http://www.ouvidoria.curitiba.pr.leg.br/ouvidoria/20160412113617 , inspeção mosquito da dengue
http://www.ouvidoria.curitiba.pr.leg.br/ouvidoria/20160425070846 , inspeção mosquito da dengue
http://www.ouvidoria.curitiba.pr.leg.br/ouvidoria/20160710185021 , inspeção mosquito da dengue
http://www.ouvidoria.curitiba.pr.leg.br/ouvidoria/20160927220608 , inspeção mosquito da dengue
http://www.ouvidoria.curitiba.pr.leg.br/ouvidoria/20160301175437 , limpeza de terreno
http://www.ouvidoria.curitiba.pr.leg.br/ouvidoria/20160901171559 , limpeza de terreno
http://www.ouvidoria.curitiba.pr.leg.br/ouvidoria/20161010103459 , matrícula em escola municipal
http://www.ouvidoria.curitiba.pr.leg.br/ouvidoria/20151110064100 , mau atendimento
http://www.ouvidoria.curitiba.pr.leg.br/ouvidoria/20151120152240 , mau atendimento
http://www.ouvidoria.curitiba.pr.leg.br/ouvidoria/20151127150745 , mau atendimento
http://www.ouvidoria.curitiba.pr.leg.br/ouvidoria/20151203192845 , mau atendimento
http://www.ouvidoria.curitiba.pr.leg.br/ouvidoria/20151214191518 , mau atendimento
http://www.ouvidoria.curitiba.pr.leg.br/ouvidoria/20160204163801 , mau atendimento
http://www.ouvidoria.curitiba.pr.leg.br/ouvidoria/20160215103548 , mau atendimento
http://www.ouvidoria.curitiba.pr.leg.br/ouvidoria/20160215114133 , mau atendimento
http://www.ouvidoria.curitiba.pr.leg.br/ouvidoria/20160225095348 , mau atendimento
http://www.ouvidoria.curitiba.pr.leg.br/ouvidoria/20160225101719 , mau atendimento
http://www.ouvidoria.curitiba.pr.leg.br/ouvidoria/20160302135123 , mau atendimento
http://www.ouvidoria.curitiba.pr.leg.br/ouvidoria/20160302140227 , mau atendimento
http://www.ouvidoria.curitiba.pr.leg.br/ouvidoria/20160328103841 , mau atendimento
http://www.ouvidoria.curitiba.pr.leg.br/ouvidoria/20160517125828 , mau atendimento
http://www.ouvidoria.curitiba.pr.leg.br/ouvidoria/20160519084037 , mau atendimento
http://www.ouvidoria.curitiba.pr.leg.br/ouvidoria/20160530084606 , mau atendimento
http://www.ouvidoria.curitiba.pr.leg.br/ouvidoria/20160623175752 , mau atendimento
http://www.ouvidoria.curitiba.pr.leg.br/ouvidoria/20160624165451 , mau atendimento
http://www.ouvidoria.curitiba.pr.leg.br/ouvidoria/20160627105508 , mau atendimento
http://www.ouvidoria.curitiba.pr.leg.br/ouvidoria/20160811115926 , mau atendimento
http://www.ouvidoria.curitiba.pr.leg.br/ouvidoria/20160815093605 , mau atendimento
http://www.ouvidoria.curitiba.pr.leg.br/ouvidoria/20160824001059 , mau atendimento
http://www.ouvidoria.curitiba.pr.leg.br/ouvidoria/20160825195222 , mau atendimento
http://www.ouvidoria.curitiba.pr.leg.br/ouvidoria/20160826135825 , mau atendimento
http://www.ouvidoria.curitiba.pr.leg.br/ouvidoria/20160826144359 , mau atendimento
http://www.ouvidoria.curitiba.pr.leg.br/ouvidoria/20160902143817 , mau atendimento
http://www.ouvidoria.curitiba.pr.leg.br/ouvidoria/20160914171050 , mau atendimento
http://www.ouvidoria.curitiba.pr.leg.br/ouvidoria/20160914171145 , mau atendimento
http://www.ouvidoria.curitiba.pr.leg.br/ouvidoria/20160921095553 , mau atendimento
http://www.ouvidoria.curitiba.pr.leg.br/ouvidoria/20160930002151 , mau atendimento
http://www.ouvidoria.curitiba.pr.leg.br/ouvidoria/20161003135458 , mau atendimento
http://www.ouvidoria.curitiba.pr.leg.br/ouvidoria/20150924145219 , operação tapa buracos
http://www.ouvidoria.curitiba.pr.leg.br/ouvidoria/20151007175604 , operação tapa buracos
http://www.ouvidoria.curitiba.pr.leg.br/ouvidoria/20151016092601 , operação tapa buracos
http://www.ouvidoria.curitiba.pr.leg.br/ouvidoria/20151022173550 , operação tapa buracos
http://www.ouvidoria.curitiba.pr.leg.br/ouvidoria/20151104092101 , operação tapa buracos
http://www.ouvidoria.curitiba.pr.leg.br/ouvidoria/20151117123128 , operação tapa buracos
http://www.ouvidoria.curitiba.pr.leg.br/ouvidoria/20151123101608 , operação tapa buracos
http://www.ouvidoria.curitiba.pr.leg.br/ouvidoria/20151207101605 , operação tapa buracos
http://www.ouvidoria.curitiba.pr.leg.br/ouvidoria/20151211102231 , operação tapa buracos
http://www.ouvidoria.curitiba.pr.leg.br/ouvidoria/20151211102309 , operação tapa buracos
http://www.ouvidoria.curitiba.pr.leg.br/ouvidoria/20160119134522 , operação tapa buracos
http://www.ouvidoria.curitiba.pr.leg.br/ouvidoria/20160120173318 , operação tapa buracos
http://www.ouvidoria.curitiba.pr.leg.br/ouvidoria/20160201112955 , operação tapa buracos
http://www.ouvidoria.curitiba.pr.leg.br/ouvidoria/20160223094427 , operação tapa buracos
http://www.ouvidoria.curitiba.pr.leg.br/ouvidoria/20160225182052 , operação tapa buracos
http://www.ouvidoria.curitiba.pr.leg.br/ouvidoria/20160301095717 , operação tapa buracos
http://www.ouvidoria.curitiba.pr.leg.br/ouvidoria/20160302144540 , operação tapa buracos
http://www.ouvidoria.curitiba.pr.leg.br/ouvidoria/20160310105037 , operação tapa buracos
http://www.ouvidoria.curitiba.pr.leg.br/ouvidoria/20160311085148 , operação tapa buracos
http://www.ouvidoria.curitiba.pr.leg.br/ouvidoria/20160411171829 , operação tapa buracos
http://www.ouvidoria.curitiba.pr.leg.br/ouvidoria/20160412111614 , operação tapa buracos
http://www.ouvidoria.curitiba.pr.leg.br/ouvidoria/20160517152812 , operação tapa buracos
http://www.ouvidoria.curitiba.pr.leg.br/ouvidoria/20160603141730 , operação tapa buracos
http://www.ouvidoria.curitiba.pr.leg.br/ouvidoria/20160606152102 , operação tapa buracos
http://www.ouvidoria.curitiba.pr.leg.br/ouvidoria/20160705100711 , operação tapa buracos
http://www.ouvidoria.curitiba.pr.leg.br/ouvidoria/20160720144627 , operação tapa buracos
http://www.ouvidoria.curitiba.pr.leg.br/ouvidoria/20160805160945 , operação tapa buracos
http://www.ouvidoria.curitiba.pr.leg.br/ouvidoria/20160812165726 , operação tapa buracos
http://www.ouvidoria.curitiba.pr.leg.br/ouvidoria/20160820080601 , operação tapa buracos
http://www.ouvidoria.curitiba.pr.leg.br/ouvidoria/20160823143001 , operação tapa buracos
http://www.ouvidoria.curitiba.pr.leg.br/ouvidoria/20160901094938 , operação tapa buracos
http://www.ouvidoria.curitiba.pr.leg.br/ouvidoria/20160908100521 , operação tapa buracos
http://www.ouvidoria.curitiba.pr.leg.br/ouvidoria/20150924184643 , poda de árvore
http://www.ouvidoria.curitiba.pr.leg.br/ouvidoria/20151019085910 , poda de árvore
http://www.ouvidoria.curitiba.pr.leg.br/ouvidoria/20151109214509 , poda de árvore
http://www.ouvidoria.curitiba.pr.leg.br/ouvidoria/20151126100755 , poda de árvore
http://www.ouvidoria.curitiba.pr.leg.br/ouvidoria/20151208094807 , poda de árvore
http://www.ouvidoria.curitiba.pr.leg.br/ouvidoria/20160118093318 , poda de árvore
http://www.ouvidoria.curitiba.pr.leg.br/ouvidoria/20160211112601 , poda de árvore
http://www.ouvidoria.curitiba.pr.leg.br/ouvidoria/20160211132410 , poda de árvore
http://www.ouvidoria.curitiba.pr.leg.br/ouvidoria/20160216114852 , poda de árvore
http://www.ouvidoria.curitiba.pr.leg.br/ouvidoria/20160222115422 , poda de árvore
http://www.ouvidoria.curitiba.pr.leg.br/ouvidoria/20160225095836 , poda de árvore
http://www.ouvidoria.curitiba.pr.leg.br/ouvidoria/20160229115607 , poda de árvore
http://www.ouvidoria.curitiba.pr.leg.br/ouvidoria/20160316154252 , poda de árvore
http://www.ouvidoria.curitiba.pr.leg.br/ouvidoria/20160331150033 , poda de árvore
http://www.ouvidoria.curitiba.pr.leg.br/ouvidoria/20160425092818 , poda de árvore
http://www.ouvidoria.curitiba.pr.leg.br/ouvidoria/20160425092851 , poda de árvore
http://www.ouvidoria.curitiba.pr.leg.br/ouvidoria/20160708220415 , poda de árvore
http://www.ouvidoria.curitiba.pr.leg.br/ouvidoria/20160713100414 , poda de árvore
http://www.ouvidoria.curitiba.pr.leg.br/ouvidoria/20160728145404 , poda de árvore
http://www.ouvidoria.curitiba.pr.leg.br/ouvidoria/20160802092329 , poda de árvore
http://www.ouvidoria.curitiba.pr.leg.br/ouvidoria/20160805194902 , poda de árvore
http://www.ouvidoria.curitiba.pr.leg.br/ouvidoria/20160819223108 , poda de árvore
http://www.ouvidoria.curitiba.pr.leg.br/ouvidoria/20160823104809 , poda de árvore
http://www.ouvidoria.curitiba.pr.leg.br/ouvidoria/20160823115916 , poda de árvore
http://www.ouvidoria.curitiba.pr.leg.br/ouvidoria/20160823142947 , poda de árvore
http://www.ouvidoria.curitiba.pr.leg.br/ouvidoria/20160825102554 , poda de árvore
http://www.ouvidoria.curitiba.pr.leg.br/ouvidoria/20160902102254 , poda de árvore
http://www.ouvidoria.curitiba.pr.leg.br/ouvidoria/20160906111048 , poda de árvore
http://www.ouvidoria.curitiba.pr.leg.br/ouvidoria/20160914112843 , poda de árvore
http://www.ouvidoria.curitiba.pr.leg.br/ouvidoria/20160921093605 , poda de árvore
http://www.ouvidoria.curitiba.pr.leg.br/ouvidoria/20160921160423 , poda de árvore
http://www.ouvidoria.curitiba.pr.leg.br/ouvidoria/20160923073730 , poda de árvore
http://www.ouvidoria.curitiba.pr.leg.br/ouvidoria/20161005113734 , poda de árvore
http://www.ouvidoria.curitiba.pr.leg.br/ouvidoria/20150924185439 , poluição sonora
http://www.ouvidoria.curitiba.pr.leg.br/ouvidoria/20151107182815 , poluição sonora
http://www.ouvidoria.curitiba.pr.leg.br/ouvidoria/20151119084636 , poluição sonora
http://www.ouvidoria.curitiba.pr.leg.br/ouvidoria/20160127233734 , poluição sonora
http://www.ouvidoria.curitiba.pr.leg.br/ouvidoria/20160219112156 , poluição sonora
http://www.ouvidoria.curitiba.pr.leg.br/ouvidoria/20160307003058 , poluição sonora
http://www.ouvidoria.curitiba.pr.leg.br/ouvidoria/20160307003103 , poluição sonora
http://www.ouvidoria.curitiba.pr.leg.br/ouvidoria/20160512112119 , poluição sonora
http://www.ouvidoria.curitiba.pr.leg.br/ouvidoria/20160520192107 , poluição sonora
http://www.ouvidoria.curitiba.pr.leg.br/ouvidoria/20160621095952 , poluição sonora
http://www.ouvidoria.curitiba.pr.leg.br/ouvidoria/20160729112929 , poluição sonora
http://www.ouvidoria.curitiba.pr.leg.br/ouvidoria/20160808013019 , poluição sonora
http://www.ouvidoria.curitiba.pr.leg.br/ouvidoria/20160808132644 , poluição sonora
http://www.ouvidoria.curitiba.pr.leg.br/ouvidoria/20160814002327 , poluição sonora
http://www.ouvidoria.curitiba.pr.leg.br/ouvidoria/20160817173928 , poluição sonora
http://www.ouvidoria.curitiba.pr.leg.br/ouvidoria/20160818002950 , poluição sonora
http://www.ouvidoria.curitiba.pr.leg.br/ouvidoria/20160829094009 , poluição sonora
http://www.ouvidoria.curitiba.pr.leg.br/ouvidoria/20160906141239 , poluição sonora
http://www.ouvidoria.curitiba.pr.leg.br/ouvidoria/20160914125429 , poluição sonora
http://www.ouvidoria.curitiba.pr.leg.br/ouvidoria/20161015214122 , poluição sonora
http://www.ouvidoria.curitiba.pr.leg.br/ouvidoria/20160531105204 , seguro desemprego
http://www.ouvidoria.curitiba.pr.leg.br/ouvidoria/20160706083154 , seguro desemprego
http://www.ouvidoria.curitiba.pr.leg.br/ouvidoria/20160712082904 , seguro desemprego
http://www.ouvidoria.curitiba.pr.leg.br/ouvidoria/20160609204438 , sinalização de trânsito
http://www.ouvidoria.curitiba.pr.leg.br/ouvidoria/20160627173002 , sinalização de trânsito
http://www.ouvidoria.curitiba.pr.leg.br/ouvidoria/20160711155052 , sinalização de trânsito
http://www.ouvidoria.curitiba.pr.leg.br/ouvidoria/20160720140959 , sinalização de trânsito
http://www.ouvidoria.curitiba.pr.leg.br/ouvidoria/20150929085649 , transparência
http://www.ouvidoria.curitiba.pr.leg.br/ouvidoria/20150929155234 , transparência
http://www.ouvidoria.curitiba.pr.leg.br/ouvidoria/20151005121158 , transparência
http://www.ouvidoria.curitiba.pr.leg.br/ouvidoria/20151015110627 , transparência
http://www.ouvidoria.curitiba.pr.leg.br/ouvidoria/20151023154418 , transparência
http://www.ouvidoria.curitiba.pr.leg.br/ouvidoria/20151104101051 , transparência
http://www.ouvidoria.curitiba.pr.leg.br/ouvidoria/20151104164912 , transparência
http://www.ouvidoria.curitiba.pr.leg.br/ouvidoria/20151105170516 , transparência
http://www.ouvidoria.curitiba.pr.leg.br/ouvidoria/20151123100325 , transparência
http://www.ouvidoria.curitiba.pr.leg.br/ouvidoria/20151228105242 , transparência
http://www.ouvidoria.curitiba.pr.leg.br/ouvidoria/20160114102017 , transparência
http://www.ouvidoria.curitiba.pr.leg.br/ouvidoria/20160211114857 , transparência
http://www.ouvidoria.curitiba.pr.leg.br/ouvidoria/20160216093837 , transparência
http://www.ouvidoria.curitiba.pr.leg.br/ouvidoria/20160218114139 , transparência
http://www.ouvidoria.curitiba.pr.leg.br/ouvidoria/20160223113351 , transparência
http://www.ouvidoria.curitiba.pr.leg.br/ouvidoria/20160229094731 , transparência
http://www.ouvidoria.curitiba.pr.leg.br/ouvidoria/20160229163036 , transparência
http://www.ouvidoria.curitiba.pr.leg.br/ouvidoria/20160303125337 , transparência
http://www.ouvidoria.curitiba.pr.leg.br/ouvidoria/20160310103852 , transparência
http://www.ouvidoria.curitiba.pr.leg.br/ouvidoria/20160312171105 , transparência
http://www.ouvidoria.curitiba.pr.leg.br/ouvidoria/20160314115825 , transparência
http://www.ouvidoria.curitiba.pr.leg.br/ouvidoria/20160315093430 , transparência
http://www.ouvidoria.curitiba.pr.leg.br/ouvidoria/20160316092509 , transparência
http://www.ouvidoria.curitiba.pr.leg.br/ouvidoria/20160316155413 , transparência
http://www.ouvidoria.curitiba.pr.leg.br/ouvidoria/20160323152703 , transparência
http://www.ouvidoria.curitiba.pr.leg.br/ouvidoria/20160328122524 , transparência
http://www.ouvidoria.curitiba.pr.leg.br/ouvidoria/20160330102257 , transparência
http://www.ouvidoria.curitiba.pr.leg.br/ouvidoria/20160330103028 , transparência
http://www.ouvidoria.curitiba.pr.leg.br/ouvidoria/20160515225027 , transparência
http://www.ouvidoria.curitiba.pr.leg.br/ouvidoria/20160530151645 , transparência
http://www.ouvidoria.curitiba.pr.leg.br/ouvidoria/20160622175610 , transparência
http://www.ouvidoria.curitiba.pr.leg.br/ouvidoria/20160701172826 , transparência
http://www.ouvidoria.curitiba.pr.leg.br/ouvidoria/20160718103731 , transparência
http://www.ouvidoria.curitiba.pr.leg.br/ouvidoria/20160722115814 , transparência
http://www.ouvidoria.curitiba.pr.leg.br/ouvidoria/20160722212756 , transparência
http://www.ouvidoria.curitiba.pr.leg.br/ouvidoria/20160726124852 , transparência
http://www.ouvidoria.curitiba.pr.leg.br/ouvidoria/20160727170740 , transparência
http://www.ouvidoria.curitiba.pr.leg.br/ouvidoria/20160731090057 , transparência
http://www.ouvidoria.curitiba.pr.leg.br/ouvidoria/20160803122333 , transparência
http://www.ouvidoria.curitiba.pr.leg.br/ouvidoria/20160804151344 , transparência
http://www.ouvidoria.curitiba.pr.leg.br/ouvidoria/20160809202801 , transparência
http://www.ouvidoria.curitiba.pr.leg.br/ouvidoria/20160815171739 , transparência
http://www.ouvidoria.curitiba.pr.leg.br/ouvidoria/20160816144708 , transparência
http://www.ouvidoria.curitiba.pr.leg.br/ouvidoria/20160816144717 , transparência
http://www.ouvidoria.curitiba.pr.leg.br/ouvidoria/20160816155839 , transparência
http://www.ouvidoria.curitiba.pr.leg.br/ouvidoria/20160819165310 , transparência
http://www.ouvidoria.curitiba.pr.leg.br/ouvidoria/20160822183148 , transparência
http://www.ouvidoria.curitiba.pr.leg.br/ouvidoria/20160826144626 , transparência
http://www.ouvidoria.curitiba.pr.leg.br/ouvidoria/20160830103642 , transparência
http://www.ouvidoria.curitiba.pr.leg.br/ouvidoria/20160902113434 , transparência
http://www.ouvidoria.curitiba.pr.leg.br/ouvidoria/20160902113547 , transparência
http://www.ouvidoria.curitiba.pr.leg.br/ouvidoria/20161007154707 , transparência
http://www.ouvidoria.curitiba.pr.leg.br/ouvidoria/20161010165000 , transparência
http://www.ouvidoria.curitiba.pr.leg.br/ouvidoria/20161014112417 , transparência
http://www.ouvidoria.curitiba.pr.leg.br/ouvidoria/20161020215340 , transparência
http://www.ouvidoria.curitiba.pr.leg.br/ouvidoria/20161025152948 , transparência
http://www.ouvidoria.curitiba.pr.leg.br/ouvidoria/20160219232128 , transporte coletivo
http://www.ouvidoria.curitiba.pr.leg.br/ouvidoria/20160302111001 , transporte coletivo
http://www.ouvidoria.curitiba.pr.leg.br/ouvidoria/20160427174814 , vagas em cmei
